<?xml version="1.0" encoding="UTF-8"?>
<project-private xmlns="http://www.netbeans.org/ns/project-private/1">
    <editor-bookmarks xmlns="http://www.netbeans.org/ns/editor-bookmarks/2" lastBookmarkId="1">
        <file>
            <url>src/rmi/client/Client.java</url>
            <bookmark id="1">
                <name/>
                <line>32</line>
                <key/>
            </bookmark>
        </file>
    </editor-bookmarks>
    <open-files xmlns="http://www.netbeans.org/ns/projectui-open-files/2">
        <group>
            <file>file:/C:/Users/TUAN%20PHAN/Downloads/123123123/RMI.Client/src/rmi/client/Client.java</file>
        </group>
    </open-files>
</project-private>
